Province_ID,Province_Name,City_ID,City_Name,Kecamatan_ID,Kecamatan_Name,Kelurahan_ID,Kelurahan_Name,TPS_ID,TPS_Name,DPT,DPTb,DPK,Paslon_01,Paslon_02,Paslon_03,Valid_Vote,Invalid_Vote,Total_Vote,Status,Image_C-Hasil_1,Image_C-Hasil_2,Image_C-Hasil_3
11,ACEH,1105,ACEH BARAT,110507,ARONGAN LAMBALEK,1105072002,ALUE BAGOK,1105072002001,TPS 001,0,0,0,0,0,0,0,0,0,PROCESS,https://sirekap-obj-formc.kpu.go.id/2e38/pemilu/ppwp/11/05/07/20/02/1105072002001-20240215-022619--f005fee9-5a36-4a4e-89c4-8c7776de09fd.jpg,https://sirekap-obj-formc.kpu.go.id/2e38/pemilu/ppwp/11/05/07/20/02/1105072002001-20240215-033531--18bbb7a3-7d3d-485e-868c-d494cc68276d.jpg,https://sirekap-obj-formc.kpu.go.id/2e38/pemilu/ppwp/11/05/07/20/02/1105072002001-20240215-022835--b71ea204-9689-4149-80c6-03712c6ba099.jpg
11,ACEH,1105,ACEH BARAT,110507,ARONGAN LAMBALEK,1105072002,ALUE BAGOK,1105072002002,TPS 002,0,0,0,149,14,1,0,0,0,VALID,https://sirekap-obj-formc.kpu.go.id/094b/pemilu/ppwp/11/05/07/20/02/1105072002002-20240214-203024--c023eb73-202b-4a05-b08e-9f28d1b48b0b.jpg,https://sirekap-obj-formc.kpu.go.id/094b/pemilu/ppwp/11/05/07/20/02/1105072002002-20240214-203932--c73474ac-cdb9-4d2f-8239-16106bc03078.jpg,https://sirekap-obj-formc.kpu.go.id/094b/pemilu/ppwp/11/05/07/20/02/1105072002002-20240214-204258--85cf368b-902f-48e8-92c9-5006e7110210.jpg
11,ACEH,1105,ACEH BARAT,110507,ARONGAN LAMBALEK,1105072004,ALUE BATEE,1105072004001,TPS 001,0,0,0,0,0,0,0,0,0,PROCESS,,,
11,ACEH,1105,ACEH BARAT,110507,ARONGAN LAMBALEK,1105072003,ALUE SUNDAK,1105072003001,TPS 001,0,0,0,0,0,0,0,0,0,PROCESS,https://sirekap-obj-formc.kpu.go.id/ded8/pemilu/ppwp/11/05/07/20/03/1105072003001-20240215-135130--8d7c5237-3d3e-4f90-b0ec-cf5cc41c8378.jpg,https://sirekap-obj-formc.kpu.go.id/ded8/pemilu/ppwp/11/05/07/20/03/1105072003001-20240215-140249--95bf3865-8e79-4bda-b9a5-73901e55fe1c.jpg,https://sirekap-obj-formc.kpu.go.id/ded8/pemilu/ppwp/11/05/07/20/03/1105072003001-20240215-141157--d10ea1e8-2ada-4781-81d8-c98398f3e03d.jpg
11,ACEH,1105,ACEH BARAT,110507,ARONGAN LAMBALEK,1105072001,ARONGAN,1105072001001,TPS 001,198,3,2,0,0,0,2,2,2,PROCESS,https://sirekap-obj-formc.kpu.go.id/e375/pemilu/ppwp/11/05/07/20/01/1105072001001-20240215-065028--0698cd65-fb77-4d4f-ac9c-74dabb1532fb.jpg,https://sirekap-obj-formc.kpu.go.id/e375/pemilu/ppwp/11/05/07/20/01/1105072001001-20240215-065222--9dbd6ae4-7706-4800-9997-d3936ab359e6.jpg,https://sirekap-obj-formc.kpu.go.id/e375/pemilu/ppwp/11/05/07/20/01/1105072001001-20240215-065635--c89ee5e6-817b-4629-8dc5-b5316867d2b2.jpg
11,ACEH,1105,ACEH BARAT,110507,ARONGAN LAMBALEK,1105072005,COT BULOH,1105072005001,TPS 001,0,0,0,0,0,0,0,0,0,PROCESS,https://sirekap-obj-formc.kpu.go.id/02df/pemilu/ppwp/11/05/07/20/05/1105072005001-20240214-224453--257f76ce-56ed-4fb8-81a1-7cd2bca2f2e9.jpg,https://sirekap-obj-formc.kpu.go.id/02df/pemilu/ppwp/11/05/07/20/05/1105072005001-20240214-225019--b0148dbd-36f5-442c-bdfa-b827108dbfa2.jpg,https://sirekap-obj-formc.kpu.go.id/02df/pemilu/ppwp/11/05/07/20/05/1105072005001-20240214-224627--802089e5-ce2d-4bc0-8ea3-8ee0baf8f902.jpg
11,ACEH,1105,ACEH BARAT,110507,ARONGAN LAMBALEK,1105072005,COT BULOH,1105072005002,TPS 002,0,0,0,0,0,0,0,0,0,PROCESS,https://sirekap-obj-formc.kpu.go.id/ac1b/pemilu/ppwp/11/05/07/20/05/1105072005002-20240214-234239--6b9bdb46-beef-4b4e-b447-72c2d15a702b.jpg,https://sirekap-obj-formc.kpu.go.id/ac1b/pemilu/ppwp/11/05/07/20/05/1105072005002-20240214-234656--480c8edd-0979-4812-b79c-a860606d261c.jpg,https://sirekap-obj-formc.kpu.go.id/ac1b/pemilu/ppwp/11/05/07/20/05/1105072005002-20240214-234859--aa4b65ac-17d6-4ba7-a6b0-af501ef0485f.jpg
11,ACEH,1105,ACEH BARAT,110507,ARONGAN LAMBALEK,1105072007,COT JURU MUDI,1105072007001,TPS 001,0,0,0,0,0,0,0,0,0,PROCESS,,,
11,ACEH,1105,ACEH BARAT,110507,ARONGAN LAMBALEK,1105072006,COT KUMBANG,1105072006001,TPS 001,0,0,0,145,35,1,0,0,0,VALID,,https://sirekap-obj-formc.kpu.go.id/499b/pemilu/ppwp/11/05/07/20/06/1105072006001-20240214-203528--2a9a76ad-add1-4b90-8975-d5c719bfd31e.jpg,
11,ACEH,1105,ACEH BARAT,110507,ARONGAN LAMBALEK,1105072008,DRIEN RAMPAK,1105072008001,TPS 001,0,0,0,0,0,0,0,0,0,PROCESS,,,
11,ACEH,1105,ACEH BARAT,110507,ARONGAN LAMBALEK,1105072008,DRIEN RAMPAK,1105072008002,TPS 002,0,0,0,0,0,0,0,0,0,PROCESS,,,
11,ACEH,1105,ACEH BARAT,110507,ARONGAN LAMBALEK,1105072026,GUNONG PULO,1105072026001,TPS 001,0,0,0,0,0,0,0,0,0,PROCESS,https://sirekap-obj-formc.kpu.go.id/ac9e/pemilu/ppwp/11/05/07/20/26/1105072026001-20240214-184527--3448e735-7084-4445-956d-464f58796b7f.jpg,https://sirekap-obj-formc.kpu.go.id/ac9e/pemilu/ppwp/11/05/07/20/26/1105072026001-20240214-184959--855a290b-dafc-4ff7-b380-a53fd5d79023.jpg,https://sirekap-obj-formc.kpu.go.id/ac9e/pemilu/ppwp/11/05/07/20/26/1105072026001-20240214-185140--fe926889-4759-4054-b70c-4a87f7198e80.jpg
11,ACEH,1105,ACEH BARAT,110507,ARONGAN LAMBALEK,1105072027,KARANG HAMPA,1105072027001,TPS 001,0,0,0,0,0,0,0,0,0,PROCESS,https://sirekap-obj-formc.kpu.go.id/e4fa/pemilu/ppwp/11/05/07/20/27/1105072027001-20240215-160135--c77816ad-4173-46a6-b22b-f153726c88a0.jpg,https://sirekap-obj-formc.kpu.go.id/e4fa/pemilu/ppwp/11/05/07/20/27/1105072027001-20240215-160806--e3cd6180-b593-4d70-a561-520e7cc6439f.jpg,https://sirekap-obj-formc.kpu.go.id/e4fa/pemilu/ppwp/11/05/07/20/27/1105072027001-20240215-161058--f942b0a7-d8a3-4208-b48c-e286b37f0c77.jpg
11,ACEH,1105,ACEH BARAT,110507,ARONGAN LAMBALEK,1105072010,KEUB,1105072010001,TPS 001,0,0,0,0,0,0,0,0,0,PROCESS,https://sirekap-obj-formc.kpu.go.id/ad28/pemilu/ppwp/11/05/07/20/10/1105072010001-20240214-204838--d9342568-d03e-49e7-9ba3-0fbdff50c88b.jpg,https://sirekap-obj-formc.kpu.go.id/ad28/pemilu/ppwp/11/05/07/20/10/1105072010001-20240214-205128--7d3d1eba-0460-41eb-bd51-aca55d33990c.jpg,https://sirekap-obj-formc.kpu.go.id/ad28/pemilu/ppwp/11/05/07/20/10/1105072010001-20240214-205248--61406955-510e-4b28-823f-267a9dc0b59e.jpg
11,ACEH,1105,ACEH BARAT,110507,ARONGAN LAMBALEK,1105072010,KEUB,1105072010002,TPS 002,0,0,0,0,0,0,0,0,0,PROCESS,https://sirekap-obj-formc.kpu.go.id/c858/pemilu/ppwp/11/05/07/20/10/1105072010002-20240215-202254--85026e22-2000-4526-a973-667efb8dcdbb.jpg,https://sirekap-obj-formc.kpu.go.id/c858/pemilu/ppwp/11/05/07/20/10/1105072010002-20240215-150513--a5a54114-a81c-4bb6-ad72-de0602fcb5c9.jpg,https://sirekap-obj-formc.kpu.go.id/c858/pemilu/ppwp/11/05/07/20/10/1105072010002-20240215-200316--4b0c39a1-fdee-4206-bb0b-a779601e3616.jpg
11,ACEH,1105,ACEH BARAT,110507,ARONGAN LAMBALEK,1105072009,KUBU,1105072009001,TPS 001,0,0,0,0,0,0,0,0,0,PROCESS,,,
11,ACEH,1105,ACEH BARAT,110507,ARONGAN LAMBALEK,1105072009,KUBU,1105072009002,TPS 002,0,0,0,0,0,0,0,0,0,PROCESS,,,
11,ACEH,1105,ACEH BARAT,110507,ARONGAN LAMBALEK,1105072011,PANTE MUTIA,1105072011001,TPS 001,210,6,0,181,32,0,0,0,0,VALID,https://sirekap-obj-formc.kpu.go.id/3ede/pemilu/ppwp/11/05/07/20/11/1105072011001-20240214-202556--950fc697-910b-4cde-800d-46247c34a4df.jpg,https://sirekap-obj-formc.kpu.go.id/3ede/pemilu/ppwp/11/05/07/20/11/1105072011001-20240214-202752--6e8c5462-7f80-49f2-aae8-842267b1d697.jpg,https://sirekap-obj-formc.kpu.go.id/3ede/pemilu/ppwp/11/05/07/20/11/1105072011001-20240214-203038--e2c031c7-7598-4a6f-8f5c-d2562e25d50b.jpg
11,ACEH,1105,ACEH BARAT,110507,ARONGAN LAMBALEK,1105072014,PANTON BAHAGIA,1105072014001,TPS 001,0,0,0,0,0,0,0,0,0,PROCESS,https://sirekap-obj-formc.kpu.go.id/6f03/pemilu/ppwp/11/05/07/20/14/1105072014001-20240215-050829--60960b36-6b79-41b8-aad3-67dad6a890b3.jpg,https://sirekap-obj-formc.kpu.go.id/6f03/pemilu/ppwp/11/05/07/20/14/1105072014001-20240215-100029--a7f3a467-50a5-4620-af56-5c09a83ac4e1.jpg,https://sirekap-obj-formc.kpu.go.id/6f03/pemilu/ppwp/11/05/07/20/14/1105072014001-20240215-051546--3d7586af-72f8-4488-aa89-a213f69323ae.jpg
11,ACEH,1105,ACEH BARAT,110507,ARONGAN LAMBALEK,1105072013,PANTON MAKMU,1105072013001,TPS 001,0,0,0,0,0,0,0,0,0,PROCESS,,,
11,ACEH,1105,ACEH BARAT,110507,ARONGAN LAMBALEK,1105072015,PEULANTEU LB,1105072015001,TPS 001,0,0,0,0,0,0,0,0,0,PROCESS,https://sirekap-obj-formc.kpu.go.id/9d5a/pemilu/ppwp/11/05/07/20/15/1105072015001-20240214-213113--c9e7d971-045a-4e31-a099-3fe883b4715e.jpg,https://sirekap-obj-formc.kpu.go.id/9d5a/pemilu/ppwp/11/05/07/20/15/1105072015001-20240214-213638--1c87701c-ac64-43bc-9266-6d6d14f3c81c.jpg,https://sirekap-obj-formc.kpu.go.id/9d5a/pemilu/ppwp/11/05/07/20/15/1105072015001-20240214-213657--a79bb6b9-9ee5-4fc3-bff2-4fb80d2c1dbd.jpg
11,ACEH,1105,ACEH BARAT,110507,ARONGAN LAMBALEK,1105072015,PEULANTEU LB,1105072015002,TPS 002,0,0,0,0,0,0,0,0,0,PROCESS,https://sirekap-obj-formc.kpu.go.id/e484/pemilu/ppwp/11/05/07/20/15/1105072015002-20240214-210621--250802a4-b6ca-466d-9838-cda435c0ee0a.jpg,https://sirekap-obj-formc.kpu.go.id/e484/pemilu/ppwp/11/05/07/20/15/1105072015002-20240214-210759--12519519-51d3-44eb-9aba-34607fede6d5.jpg,https://sirekap-obj-formc.kpu.go.id/e484/pemilu/ppwp/11/05/07/20/15/1105072015002-20240214-210934--87b506bd-09c4-4664-ab28-80dfbb9fe783.jpg
11,ACEH,1105,ACEH BARAT,110507,ARONGAN LAMBALEK,1105072012,PEURIBU,1105072012001,TPS 001,0,0,0,200,27,2,0,0,0,VALID,https://sirekap-obj-formc.kpu.go.id/6dfb/pemilu/ppwp/11/05/07/20/12/1105072012001-20240215-111920--a44583bc-00f6-4964-839f-d16f5cf853fe.jpg,https://sirekap-obj-formc.kpu.go.id/6dfb/pemilu/ppwp/11/05/07/20/12/1105072012001-20240215-112057--142a72f7-2569-40e5-ab93-416c48605be0.jpg,https://sirekap-obj-formc.kpu.go.id/6dfb/pemilu/ppwp/11/05/07/20/12/1105072012001-20240215-112220--4c615393-714f-424d-a60a-19a6b53f681a.jpg
11,ACEH,1105,ACEH BARAT,110507,ARONGAN LAMBALEK,1105072012,PEURIBU,1105072012002,TPS 002,212,0,0,180,28,1,0,0,0,VALID,https://sirekap-obj-formc.kpu.go.id/8f7e/pemilu/ppwp/11/05/07/20/12/1105072012002-20240214-191318--0e5927fd-6818-4135-bf8c-97112fc178ed.jpg,https://sirekap-obj-formc.kpu.go.id/8f7e/pemilu/ppwp/11/05/07/20/12/1105072012002-20240214-191342--8ceccc73-5b19-45b6-98a4-b94021bd270d.jpg,https://sirekap-obj-formc.kpu.go.id/8f7e/pemilu/ppwp/11/05/07/20/12/1105072012002-20240214-191400--a3c80f0e-75da-433b-ad3b-40df41216bcc.jpg
11,ACEH,1105,ACEH BARAT,110507,ARONGAN LAMBALEK,1105072012,PEURIBU,1105072012003,TPS 003,206,0,0,162,38,2,0,0,0,VALID,https://sirekap-obj-formc.kpu.go.id/d77c/pemilu/ppwp/11/05/07/20/12/1105072012003-20240215-092944--f0735715-553b-42a0-834c-f1e13a23f538.jpg,https://sirekap-obj-formc.kpu.go.id/d77c/pemilu/ppwp/11/05/07/20/12/1105072012003-20240215-092618--621d09cc-0fb2-40e3-bce3-8aaef1910c18.jpg,https://sirekap-obj-formc.kpu.go.id/d77c/pemilu/ppwp/11/05/07/20/12/1105072012003-20240215-092147--a1e87579-98cd-4763-b751-adaa61b884e9.jpg
11,ACEH,1105,ACEH BARAT,110507,ARONGAN LAMBALEK,1105072016,RIMBA LANGGEH,1105072016001,TPS 001,0,0,0,0,0,0,0,0,0,PROCESS,,,
11,ACEH,1105,ACEH BARAT,110507,ARONGAN LAMBALEK,1105072016,RIMBA LANGGEH,1105072016002,TPS 002,0,0,0,0,0,0,0,0,0,PROCESS,,,
11,ACEH,1105,ACEH BARAT,110507,ARONGAN LAMBALEK,1105072018,SEUNEUBOK LHONG,1105072018001,TPS 001,0,0,0,0,0,0,0,0,0,PROCESS,https://sirekap-obj-formc.kpu.go.id/db4c/pemilu/ppwp/11/05/07/20/18/1105072018001-20240215-131610--6575d4b2-e5fa-47f4-84db-8c09c9e82cd4.jpg,https://sirekap-obj-formc.kpu.go.id/db4c/pemilu/ppwp/11/05/07/20/18/1105072018001-20240215-131836--e4ffb298-c632-4567-9ac5-9c678448f828.jpg,https://sirekap-obj-formc.kpu.go.id/db4c/pemilu/ppwp/11/05/07/20/18/1105072018001-20240215-132009--cbfbe358-5f57-4375-84a9-ebcb7328fa9b.jpg
11,ACEH,1105,ACEH BARAT,110507,ARONGAN LAMBALEK,1105072022,SEUNEUBOK TEUNGOH,1105072022001,TPS 001,0,0,0,0,0,0,0,0,0,PROCESS,,,
11,ACEH,1105,ACEH BARAT,110507,ARONGAN LAMBALEK,1105072022,SEUNEUBOK TEUNGOH,1105072022002,TPS 002,0,0,0,0,0,0,0,0,0,PROCESS,,,
11,ACEH,1105,ACEH BARAT,110507,ARONGAN LAMBALEK,1105072021,SIMPANG PEUT,1105072021001,TPS 001,0,0,0,0,0,0,0,0,0,PROCESS,,,
11,ACEH,1105,ACEH BARAT,110507,ARONGAN LAMBALEK,1105072021,SIMPANG PEUT,1105072021002,TPS 002,0,0,0,0,0,0,0,0,0,PROCESS,https://sirekap-obj-formc.kpu.go.id/f9dc/pemilu/ppwp/11/05/07/20/21/1105072021002-20240215-020031--c3e3d45b-6570-4386-99af-7f122b5c396f.jpg,https://sirekap-obj-formc.kpu.go.id/f9dc/pemilu/ppwp/11/05/07/20/21/1105072021002-20240214-211409--58c691f9-57d0-4b1d-8c2c-25e67c9e5a66.jpg,https://sirekap-obj-formc.kpu.go.id/f9dc/pemilu/ppwp/11/05/07/20/21/1105072021002-20240214-211628--d94f31a1-a90f-48bf-97ec-ea7c52d0f395.jpg
11,ACEH,1105,ACEH BARAT,110507,ARONGAN LAMBALEK,1105072021,SIMPANG PEUT,1105072021003,TPS 003,0,0,0,0,0,0,0,0,0,PROCESS,https://sirekap-obj-formc.kpu.go.id/ff0d/pemilu/ppwp/11/05/07/20/21/1105072021003-20240214-200634--84cd7d49-7c6d-4e86-87f5-29a0fb7066e0.jpg,https://sirekap-obj-formc.kpu.go.id/ff0d/pemilu/ppwp/11/05/07/20/21/1105072021003-20240214-200800--370dc1be-9c6d-4019-874d-4a7d6b0d6058.jpg,https://sirekap-obj-formc.kpu.go.id/ff0d/pemilu/ppwp/11/05/07/20/21/1105072021003-20240214-200838--7bce9efb-9e1b-4ba6-bb4c-a23bb6d479a6.jpg
11,ACEH,1105,ACEH BARAT,110507,ARONGAN LAMBALEK,1105072020,SUAK BIDOK,1105072020001,TPS 001,0,0,0,173,22,3,0,0,0,VALID,https://sirekap-obj-formc.kpu.go.id/bdf0/pemilu/ppwp/11/05/07/20/20/1105072020001-20240215-070742--c049b2c7-a800-4382-b678-3483cdb861ec.jpg,https://sirekap-obj-formc.kpu.go.id/bdf0/pemilu/ppwp/11/05/07/20/20/1105072020001-20240215-023109--5e89426c-4305-4789-8d5a-b6523eea9fea.jpg,https://sirekap-obj-formc.kpu.go.id/bdf0/pemilu/ppwp/11/05/07/20/20/1105072020001-20240215-120923--ef825daf-4d64-46f9-b5d5-7414d03bc7de.jpg
11,ACEH,1105,ACEH BARAT,110507,ARONGAN LAMBALEK,1105072019,SUAK IE BEUSO,1105072019001,TPS 001,0,0,0,0,0,0,0,0,0,PROCESS,,,
11,ACEH,1105,ACEH BARAT,110507,ARONGAN LAMBALEK,1105072017,SUAK KEUMUDEE,1105072017001,TPS 001,0,0,0,0,0,0,0,0,0,PROCESS,,,
11,ACEH,1105,ACEH BARAT,110507,ARONGAN LAMBALEK,1105072023,TEUPIN PERAHO,1105072023001,TPS 001,0,0,0,0,0,0,0,0,0,PROCESS,https://sirekap-obj-formc.kpu.go.id/486e/pemilu/ppwp/11/05/07/20/23/1105072023001-20240215-100650--318b6dea-bb7d-4cda-b5ba-96780c7deca6.jpg,https://sirekap-obj-formc.kpu.go.id/486e/pemilu/ppwp/11/05/07/20/23/1105072023001-20240215-141026--ad4703e5-c92f-4cc1-a1b9-d3471e7a8906.jpg,https://sirekap-obj-formc.kpu.go.id/486e/pemilu/ppwp/11/05/07/20/23/1105072023001-20240215-141151--aaea7522-c23b-445a-9d1c-43817df41eb2.jpg
11,ACEH,1105,ACEH BARAT,110507,ARONGAN LAMBALEK,1105072023,TEUPIN PERAHO,1105072023002,TPS 002,0,0,0,0,0,0,0,0,0,PROCESS,https://sirekap-obj-formc.kpu.go.id/df3f/pemilu/ppwp/11/05/07/20/23/1105072023002-20240215-152051--8e5d51f0-b3b9-4772-b6af-83bf765bb38d.jpg,https://sirekap-obj-formc.kpu.go.id/df3f/pemilu/ppwp/11/05/07/20/23/1105072023002-20240215-132811--e2ffdf1b-3927-418e-af42-a5f1043a3c0f.jpg,https://sirekap-obj-formc.kpu.go.id/df3f/pemilu/ppwp/11/05/07/20/23/1105072023002-20240215-132911--efa7f9de-6f51-4106-ab0a-a2ae29e919f1.jpg
11,ACEH,1105,ACEH BARAT,110507,ARONGAN LAMBALEK,1105072024,UJONG BEUSA,1105072024001,TPS 001,0,0,0,0,0,0,0,0,0,PROCESS,https://sirekap-obj-formc.kpu.go.id/2306/pemilu/ppwp/11/05/07/20/24/1105072024001-20240214-155820--b8d5f876-92ce-4142-9458-585615258a5d.jpg,https://sirekap-obj-formc.kpu.go.id/2306/pemilu/ppwp/11/05/07/20/24/1105072024001-20240214-155827--325a2852-817c-4fe3-8edd-62ca5c8ce1e4.jpg,https://sirekap-obj-formc.kpu.go.id/2306/pemilu/ppwp/11/05/07/20/24/1105072024001-20240214-155833--5782dc6c-74ab-415f-9f19-8e0829af336a.jpg
11,ACEH,1105,ACEH BARAT,110507,ARONGAN LAMBALEK,1105072025,UJONG SIMPANG,1105072025001,TPS 001,205,5,0,0,0,0,0,0,0,PROCESS,https://sirekap-obj-formc.kpu.go.id/0be1/pemilu/ppwp/11/05/07/20/25/1105072025001-20240214-184623--5d05a70a-0794-4825-bbcc-2c63b3e0594a.jpg,,https://sirekap-obj-formc.kpu.go.id/0be1/pemilu/ppwp/11/05/07/20/25/1105072025001-20240214-184749--bf44d74d-1117-43e8-9f64-c40539c0d487.jpg
11,ACEH,1105,ACEH BARAT,110507,ARONGAN LAMBALEK,1105072025,UJONG SIMPANG,1105072025002,TPS 002,0,0,0,176,21,1,0,0,0,VALID,https://sirekap-obj-formc.kpu.go.id/db2f/pemilu/ppwp/11/05/07/20/25/1105072025002-20240215-021627--755393cb-4fbe-4260-9a1a-8449458fb5ed.jpg,https://sirekap-obj-formc.kpu.go.id/db2f/pemilu/ppwp/11/05/07/20/25/1105072025002-20240215-022539--6c4c0a03-0d5f-4771-81fc-cd4c954c9cd3.jpg,https://sirekap-obj-formc.kpu.go.id/db2f/pemilu/ppwp/11/05/07/20/25/1105072025002-20240215-022246--4ca45796-2cc5-4cfb-93e9-222054eacd54.jpg
11,ACEH,1105,ACEH BARAT,110506,BUBON,1105062002,ALUE BAKONG,1105062002001,TPS 001,0,0,0,0,0,0,0,0,0,PROCESS,https://sirekap-obj-formc.kpu.go.id/affd/pemilu/ppwp/11/05/06/20/02/1105062002001-20240215-050738--c1e8ec10-1804-4f77-aa87-0c069ca5885f.jpg,https://sirekap-obj-formc.kpu.go.id/affd/pemilu/ppwp/11/05/06/20/02/1105062002001-20240215-050829--61c9450c-5395-41e3-97ba-c7baa68e3aa7.jpg,https://sirekap-obj-formc.kpu.go.id/affd/pemilu/ppwp/11/05/06/20/02/1105062002001-20240215-050907--0903d833-8f0a-4c1c-b719-c13858842df9.jpg
11,ACEH,1105,ACEH BARAT,110506,BUBON,1105062002,ALUE BAKONG,1105062002002,TPS 002,0,0,0,0,0,0,0,0,0,PROCESS,,,
11,ACEH,1105,ACEH BARAT,110506,BUBON,1105062001,ALUE LHOK,1105062001001,TPS 001,0,0,0,0,0,0,0,0,0,PROCESS,,,
11,ACEH,1105,ACEH BARAT,110506,BUBON,1105062003,BEURAWANG,1105062003001,TPS 001,0,0,0,0,0,0,0,0,0,PROCESS,,,
11,ACEH,1105,ACEH BARAT,110506,BUBON,1105062003,BEURAWANG,1105062003002,TPS 002,0,0,0,0,0,0,0,0,0,PROCESS,,,
11,ACEH,1105,ACEH BARAT,110506,BUBON,1105062004,BLANG SIBEUTONG,1105062004001,TPS 001,0,0,0,0,0,0,0,0,0,PROCESS,,,
11,ACEH,1105,ACEH BARAT,110506,BUBON,1105062004,BLANG SIBEUTONG,1105062004002,TPS 002,207,0,0,163,32,8,0,0,0,VALID,https://sirekap-obj-formc.kpu.go.id/d2af/pemilu/ppwp/11/05/06/20/04/1105062004002-20240215-074251--d4f4e107-599e-45da-b3a0-7212a83a9b2d.jpg,https://sirekap-obj-formc.kpu.go.id/d2af/pemilu/ppwp/11/05/06/20/04/1105062004002-20240215-074319--43f4baf1-e53f-4a51-977f-a5cb0fe5d035.jpg,https://sirekap-obj-formc.kpu.go.id/d2af/pemilu/ppwp/11/05/06/20/04/1105062004002-20240215-074308--e3627966-44ad-4050-a83d-84ca43e6f776.jpg
11,ACEH,1105,ACEH BARAT,110506,BUBON,1105062005,COT KEUMUNENG,1105062005001,TPS 001,0,0,0,0,0,0,0,0,0,PROCESS,,,
11,ACEH,1105,ACEH BARAT,110506,BUBON,1105062006,COT LADA,1105062006001,TPS 001,0,0,0,0,0,0,0,0,0,PROCESS,,,
11,ACEH,1105,ACEH BARAT,110506,BUBON,1105062007,GUNONG PANAH,1105062007001,TPS 001,0,0,0,0,0,0,0,0,0,PROCESS,,,
11,ACEH,1105,ACEH BARAT,110506,BUBON,1105062009,KUALA PLING,1105062009001,TPS 001,0,0,0,0,0,0,0,0,0,PROCESS,,,
11,ACEH,1105,ACEH BARAT,110506,BUBON,1105062009,KUALA PLING,1105062009002,TPS 002,0,0,0,0,0,0,0,0,0,PROCESS,,,
11,ACEH,1105,ACEH BARAT,110506,BUBON,1105062008,KUTA PADANG,1105062008001,TPS 001,0,0,0,0,0,0,0,0,0,PROCESS,,,
11,ACEH,1105,ACEH BARAT,110506,BUBON,1105062008,KUTA PADANG,1105062008002,TPS 002,248,5,1,212,33,1,1,1,1,VALID,https://sirekap-obj-formc.kpu.go.id/b29e/pemilu/ppwp/11/05/06/20/08/1105062008002-20240214-213925--8db91ed5-2004-47ea-9eca-be02d367c345.jpg,https://sirekap-obj-formc.kpu.go.id/b29e/pemilu/ppwp/11/05/06/20/08/1105062008002-20240214-213946--0c2b15f7-b94f-48fd-8ad8-be6253978c3b.jpg,https://sirekap-obj-formc.kpu.go.id/b29e/pemilu/ppwp/11/05/06/20/08/1105062008002-20240214-213935--d3396b0d-d790-4d98-9e2a-29f91d94e49a.jpg
11,ACEH,1105,ACEH BARAT,110506,BUBON,1105062010,LAYUNG,1105062010001,TPS 001,0,0,0,0,0,0,0,0,0,PROCESS,,,
11,ACEH,1105,ACEH BARAT,110506,BUBON,1105062010,LAYUNG,1105062010002,TPS 002,157,0,1,105,45,5,1,1,1,VALID,https://sirekap-obj-formc.kpu.go.id/cf4c/pemilu/ppwp/11/05/06/20/10/1105062010002-20240214-185453--f7756af0-dee8-47a1-8a92-dd33873fdbea.jpg,https://sirekap-obj-formc.kpu.go.id/cf4c/pemilu/ppwp/11/05/06/20/10/1105062010002-20240214-185524--432907d9-ca56-46b0-834e-283e20ccb797.jpg,https://sirekap-obj-formc.kpu.go.id/cf4c/pemilu/ppwp/11/05/06/20/10/1105062010002-20240214-185655--f4ff5800-0e36-4283-9b14-002e76483810.jpg
11,ACEH,1105,ACEH BARAT,110506,BUBON,1105062011,LICEH,1105062011001,TPS 001,0,0,0,0,0,0,0,0,0,PROCESS,,,
11,ACEH,1105,ACEH BARAT,110506,BUBON,1105062011,LICEH,1105062011002,TPS 002,0,0,0,0,0,0,0,0,0,PROCESS,,,
11,ACEH,1105,ACEH BARAT,110506,BUBON,1105062012,PEULANTEU SP,1105062012001,TPS 001,0,0,0,0,0,0,0,0,0,PROCESS,,,
11,ACEH,1105,ACEH BARAT,110506,BUBON,1105062012,PEULANTEU SP,1105062012002,TPS 002,0,0,0,0,0,0,0,0,0,PROCESS,,,
11,ACEH,1105,ACEH BARAT,110506,BUBON,1105062013,RAMBONG,1105062013001,TPS 001,0,0,0,0,0,0,0,0,0,PROCESS,,,https://sirekap-obj-formc.kpu.go.id/462e/pemilu/ppwp/11/05/06/20/13/1105062013001-20240215-005232--b073eb77-bc40-406f-8820-67c6d50f40ef.jpg
11,ACEH,1105,ACEH BARAT,110506,BUBON,1105062014,SEUMULENG,1105062014001,TPS 001,0,0,0,0,0,0,0,0,0,PROCESS,https://sirekap-obj-formc.kpu.go.id/adce/pemilu/ppwp/11/05/06/20/14/1105062014001-20240214-220924--cbeab418-79ab-43fd-a5e0-2d64d3e70e0f.jpg,https://sirekap-obj-formc.kpu.go.id/adce/pemilu/ppwp/11/05/06/20/14/1105062014001-20240214-221306--3af3cace-518d-43cd-9cef-cb24d543fbd8.jpg,https://sirekap-obj-formc.kpu.go.id/adce/pemilu/ppwp/11/05/06/20/14/1105062014001-20240214-221707--7cd328c7-a695-4427-9559-298317d05b51.jpg
11,ACEH,1105,ACEH BARAT,110506,BUBON,1105062016,SEUNEUBOK TRAP,1105062016001,TPS 001,0,0,0,0,0,0,0,0,0,PROCESS,,,
11,ACEH,1105,ACEH BARAT,110506,BUBON,1105062015,SUAK PANGKAT,1105062015001,TPS 001,0,0,0,0,0,0,0,0,0,PROCESS,,,
11,ACEH,1105,ACEH BARAT,110506,BUBON,1105062017,ULEE BLANG,1105062017001,TPS 001,0,0,0,0,0,0,0,0,0,PROCESS,https://sirekap-obj-formc.kpu.go.id/ea10/pemilu/ppwp/11/05/06/20/17/1105062017001-20240214-155631--ce178d7f-d8f4-41c2-8d14-133b8a150541.jpg,https://sirekap-obj-formc.kpu.go.id/ea10/pemilu/ppwp/11/05/06/20/17/1105062017001-20240214-155302--776b1d32-53b6-445c-a5d0-7b62c51974bb.jpg,https://sirekap-obj-formc.kpu.go.id/ea10/pemilu/ppwp/11/05/06/20/17/1105062017001-20240214-155444--97f25521-6d88-42f0-83c5-3a0f40f3c5cd.jpg
11,ACEH,1105,ACEH BARAT,110501,JOHAN PAHLAWAN,1105012016,BLANG BEURANDANG,1105012016001,TPS 001,0,0,0,0,0,0,0,0,0,PROCESS,https://sirekap-obj-formc.kpu.go.id/7bcc/pemilu/ppwp/11/05/01/20/16/1105012016001-20240215-152058--00217f86-47c9-430f-be8e-349abc4ed364.jpg,https://sirekap-obj-formc.kpu.go.id/7bcc/pemilu/ppwp/11/05/01/20/16/1105012016001-20240215-152206--bff956c6-ef1d-475d-92a3-0cca4334bbc6.jpg,https://sirekap-obj-formc.kpu.go.id/7bcc/pemilu/ppwp/11/05/01/20/16/1105012016001-20240215-152304--b5337ad3-d3ef-4cdb-8ff6-2cc2aec882fc.jpg
11,ACEH,1105,ACEH BARAT,110501,JOHAN PAHLAWAN,1105012016,BLANG BEURANDANG,1105012016002,TPS 002,0,0,0,0,0,0,0,0,0,PROCESS,https://sirekap-obj-formc.kpu.go.id/6136/pemilu/ppwp/11/05/01/20/16/1105012016002-20240215-011704--ac3d80e8-5c28-4906-acfa-d8bacea684da.jpg,https://sirekap-obj-formc.kpu.go.id/6136/pemilu/ppwp/11/05/01/20/16/1105012016002-20240215-012013--d631bae4-b093-4284-82c6-59fc4a5d504b.jpg,https://sirekap-obj-formc.kpu.go.id/6136/pemilu/ppwp/11/05/01/20/16/1105012016002-20240214-203732--98d6771e-c025-4655-acad-941e47444004.jpg
11,ACEH,1105,ACEH BARAT,110501,JOHAN PAHLAWAN,1105012016,BLANG BEURANDANG,1105012016003,TPS 003,0,0,0,0,0,0,0,0,0,PROCESS,https://sirekap-obj-formc.kpu.go.id/6847/pemilu/ppwp/11/05/01/20/16/1105012016003-20240215-025313--ab6d9e52-051c-42f6-9dd3-a5d6a9ba7d6f.jpg,https://sirekap-obj-formc.kpu.go.id/6847/pemilu/ppwp/11/05/01/20/16/1105012016003-20240215-025453--7c95e6cc-1169-485e-93e0-99ad10cd7088.jpg,https://sirekap-obj-formc.kpu.go.id/6847/pemilu/ppwp/11/05/01/20/16/1105012016003-20240215-025645--4da6d36f-ef7c-4beb-98c8-faeac42fa16c.jpg
11,ACEH,1105,ACEH BARAT,110501,JOHAN PAHLAWAN,1105012016,BLANG BEURANDANG,1105012016004,TPS 004,0,0,0,0,0,0,0,0,0,PROCESS,,,
11,ACEH,1105,ACEH BARAT,110501,JOHAN PAHLAWAN,1105012016,BLANG BEURANDANG,1105012016005,TPS 005,260,0,5,189,61,8,5,5,5,VALID,https://sirekap-obj-formc.kpu.go.id/7910/pemilu/ppwp/11/05/01/20/16/1105012016005-20240215-011909--ccb5a50a-ca42-4553-aa67-d286c68ab98e.jpg,https://sirekap-obj-formc.kpu.go.id/7910/pemilu/ppwp/11/05/01/20/16/1105012016005-20240214-194701--d72e7541-91c1-4dda-bf3c-af5d2c291e8b.jpg,https://sirekap-obj-formc.kpu.go.id/7910/pemilu/ppwp/11/05/01/20/16/1105012016005-20240214-194836--52943fd8-8825-44d6-9e98-6bed124f68a9.jpg
11,ACEH,1105,ACEH BARAT,110501,JOHAN PAHLAWAN,1105012016,BLANG BEURANDANG,1105012016006,TPS 006,0,0,0,0,0,0,0,0,0,PROCESS,https://sirekap-obj-formc.kpu.go.id/9b9b/pemilu/ppwp/11/05/01/20/16/1105012016006-20240215-093154--1c533391-573e-4736-b679-c8c9a77049c8.jpg,https://sirekap-obj-formc.kpu.go.id/9b9b/pemilu/ppwp/11/05/01/20/16/1105012016006-20240215-094040--79da2dde-096f-40a3-ad39-404b7e045b30.jpg,https://sirekap-obj-formc.kpu.go.id/9b9b/pemilu/ppwp/11/05/01/20/16/1105012016006-20240215-093830--c9f6f105-e462-475f-8742-6572528047cf.jpg
11,ACEH,1105,ACEH BARAT,110501,JOHAN PAHLAWAN,1105012016,BLANG BEURANDANG,1105012016007,TPS 007,256,5,2,179,70,4,2,2,2,VALID,https://sirekap-obj-formc.kpu.go.id/20f2/pemilu/ppwp/11/05/01/20/16/1105012016007-20240214-205331--b0e414d5-7462-4d04-91cd-e5010ff60597.jpg,https://sirekap-obj-formc.kpu.go.id/20f2/pemilu/ppwp/11/05/01/20/16/1105012016007-20240214-201134--4478217c-f417-4189-b9b1-9b166210a281.jpg,https://sirekap-obj-formc.kpu.go.id/20f2/pemilu/ppwp/11/05/01/20/16/1105012016007-20240215-033637--1031f815-ab6f-4f37-a1d2-6ef7bc29b83f.jpg
11,ACEH,1105,ACEH BARAT,110501,JOHAN PAHLAWAN,1105012016,BLANG BEURANDANG,1105012016008,TPS 008,0,0,0,0,0,0,0,0,0,PROCESS,,,
11,ACEH,1105,ACEH BARAT,110501,JOHAN PAHLAWAN,1105012016,BLANG BEURANDANG,1105012016009,TPS 009,0,0,0,0,0,0,0,0,0,PROCESS,https://sirekap-obj-formc.kpu.go.id/312f/pemilu/ppwp/11/05/01/20/16/1105012016009-20240215-094341--3363b749-346f-43ed-ba53-ddb1c21b5004.jpg,https://sirekap-obj-formc.kpu.go.id/312f/pemilu/ppwp/11/05/01/20/16/1105012016009-20240215-003415--0c15b72b-cb68-41ba-9de1-44ee691a286b.jpg,https://sirekap-obj-formc.kpu.go.id/312f/pemilu/ppwp/11/05/01/20/16/1105012016009-20240215-093801--bd645240-11b0-4092-974b-6ad042ba4784.jpg
11,ACEH,1105,ACEH BARAT,110501,JOHAN PAHLAWAN,1105012007,DRIEN RAMPAK,1105012007001,TPS 001,0,0,0,0,0,0,0,0,0,PROCESS,,,
11,ACEH,1105,ACEH BARAT,110501,JOHAN PAHLAWAN,1105012007,DRIEN RAMPAK,1105012007002,TPS 002,240,11,0,162,80,6,0,0,0,VALID,https://sirekap-obj-formc.kpu.go.id/1c7c/pemilu/ppwp/11/05/01/20/07/1105012007002-20240214-193940--1f005428-5ccb-4718-a7e3-456ce84deb3e.jpg,https://sirekap-obj-formc.kpu.go.id/1c7c/pemilu/ppwp/11/05/01/20/07/1105012007002-20240214-194504--580b79cd-d30c-4647-bda4-c5faf13d6aa8.jpg,https://sirekap-obj-formc.kpu.go.id/1c7c/pemilu/ppwp/11/05/01/20/07/1105012007002-20240214-194706--6176b38e-7d7d-4cdf-add0-82765ebb9739.jpg
11,ACEH,1105,ACEH BARAT,110501,JOHAN PAHLAWAN,1105012007,DRIEN RAMPAK,1105012007003,TPS 003,226,9,0,175,54,2,0,0,0,VALID,https://sirekap-obj-formc.kpu.go.id/bb2a/pemilu/ppwp/11/05/01/20/07/1105012007003-20240215-121419--525a111f-690f-474c-a1c6-2a7cc8d1fe3d.jpg,https://sirekap-obj-formc.kpu.go.id/bb2a/pemilu/ppwp/11/05/01/20/07/1105012007003-20240215-121520--d54113f2-c123-41e5-9384-51d621336a2f.jpg,https://sirekap-obj-formc.kpu.go.id/bb2a/pemilu/ppwp/11/05/01/20/07/1105012007003-20240215-121630--c19b49cd-04f9-4907-8153-a15a96f29c42.jpg
11,ACEH,1105,ACEH BARAT,110501,JOHAN PAHLAWAN,1105012007,DRIEN RAMPAK,1105012007004,TPS 004,0,0,0,0,0,0,0,0,0,PROCESS,,,
11,ACEH,1105,ACEH BARAT,110501,JOHAN PAHLAWAN,1105012007,DRIEN RAMPAK,1105012007005,TPS 005,233,5,13,181,62,4,13,13,13,VALID,https://sirekap-obj-formc.kpu.go.id/b1b6/pemilu/ppwp/11/05/01/20/07/1105012007005-20240214-235730--25da3d96-632f-4ca4-af01-2d36a43e0483.jpg,https://sirekap-obj-formc.kpu.go.id/b1b6/pemilu/ppwp/11/05/01/20/07/1105012007005-20240214-235800--1f88e683-047d-44e8-a0ad-ba01f1339d9a.jpg,https://sirekap-obj-formc.kpu.go.id/b1b6/pemilu/ppwp/11/05/01/20/07/1105012007005-20240214-235811--eed3d931-e8c9-47ad-a08c-f3ae27f0490c.jpg
11,ACEH,1105,ACEH BARAT,110501,JOHAN PAHLAWAN,1105012007,DRIEN RAMPAK,1105012007006,TPS 006,240,7,0,176,66,4,0,0,0,VALID,https://sirekap-obj-formc.kpu.go.id/d9fa/pemilu/ppwp/11/05/01/20/07/1105012007006-20240214-194940--fa4621cc-6702-4cd7-ad80-58e1d6d8210b.jpg,https://sirekap-obj-formc.kpu.go.id/d9fa/pemilu/ppwp/11/05/01/20/07/1105012007006-20240214-193618--b08104bb-2c6a-402f-8220-ca16864eafc8.jpg,https://sirekap-obj-formc.kpu.go.id/d9fa/pemilu/ppwp/11/05/01/20/07/1105012007006-20240214-195105--8189de96-0a7f-49b3-82d4-9188bb90da37.jpg
11,ACEH,1105,ACEH BARAT,110501,JOHAN PAHLAWAN,1105012007,DRIEN RAMPAK,1105012007007,TPS 007,0,0,0,0,0,0,0,0,0,PROCESS,,,
11,ACEH,1105,ACEH BARAT,110501,JOHAN PAHLAWAN,1105012007,DRIEN RAMPAK,1105012007008,TPS 008,0,0,0,0,0,0,0,0,0,PROCESS,,,
11,ACEH,1105,ACEH BARAT,110501,JOHAN PAHLAWAN,1105012007,DRIEN RAMPAK,1105012007009,TPS 009,0,0,0,0,0,0,0,0,0,PROCESS,,,
11,ACEH,1105,ACEH BARAT,110501,JOHAN PAHLAWAN,1105012007,DRIEN RAMPAK,1105012007010,TPS 010,0,0,0,0,0,0,0,0,0,PROCESS,,,
11,ACEH,1105,ACEH BARAT,110501,JOHAN PAHLAWAN,1105012007,DRIEN RAMPAK,1105012007011,TPS 011,0,0,0,0,0,0,0,0,0,PROCESS,https://sirekap-obj-formc.kpu.go.id/fe72/pemilu/ppwp/11/05/01/20/07/1105012007011-20240215-023042--40987835-be89-4c4d-94ea-59aabc1c0a55.jpg,https://sirekap-obj-formc.kpu.go.id/fe72/pemilu/ppwp/11/05/01/20/07/1105012007011-20240215-021401--0263717f-bee4-4676-bd77-617f8f318a80.jpg,
11,ACEH,1105,ACEH BARAT,110501,JOHAN PAHLAWAN,1105012007,DRIEN RAMPAK,1105012007012,TPS 012,0,0,0,0,0,0,0,0,0,PROCESS,,,
11,ACEH,1105,ACEH BARAT,110501,JOHAN PAHLAWAN,1105012007,DRIEN RAMPAK,1105012007013,TPS 013,0,0,0,0,0,0,0,0,0,PROCESS,,,
11,ACEH,1105,ACEH BARAT,110501,JOHAN PAHLAWAN,1105012007,DRIEN RAMPAK,1105012007014,TPS 014,0,0,0,0,0,0,0,0,0,PROCESS,,,
11,ACEH,1105,ACEH BARAT,110501,JOHAN PAHLAWAN,1105012007,DRIEN RAMPAK,1105012007015,TPS 015,252,12,0,183,78,2,0,0,0,VALID,https://sirekap-obj-formc.kpu.go.id/8393/pemilu/ppwp/11/05/01/20/07/1105012007015-20240215-025912--658fd519-4221-403a-9ef4-f69e8c350857.jpg,https://sirekap-obj-formc.kpu.go.id/8393/pemilu/ppwp/11/05/01/20/07/1105012007015-20240215-030131--a0e22310-9dd4-42d7-8e79-371f0a3284ce.jpg,https://sirekap-obj-formc.kpu.go.id/8393/pemilu/ppwp/11/05/01/20/07/1105012007015-20240215-030033--bd538927-e229-49f2-b139-53be30cbf7ae.jpg
11,ACEH,1105,ACEH BARAT,110501,JOHAN PAHLAWAN,1105012007,DRIEN RAMPAK,1105012007016,TPS 016,0,0,0,0,0,0,0,0,0,PROCESS,https://sirekap-obj-formc.kpu.go.id/25d0/pemilu/ppwp/11/05/01/20/07/1105012007016-20240215-071100--58c735b5-7657-4a0b-a8a1-dd78ebf323a7.jpg,https://sirekap-obj-formc.kpu.go.id/25d0/pemilu/ppwp/11/05/01/20/07/1105012007016-20240215-071821--9a258740-60ec-4c9a-b1f6-68e146a828cc.jpg,
11,ACEH,1105,ACEH BARAT,110501,JOHAN PAHLAWAN,1105012014,GAMPA,1105012014001,TPS 001,248,0,1,196,42,4,1,1,1,VALID,https://sirekap-obj-formc.kpu.go.id/de59/pemilu/ppwp/11/05/01/20/14/1105012014001-20240214-201954--6f0c2a2a-54e9-423d-beb3-c02e22cf1a06.jpg,https://sirekap-obj-formc.kpu.go.id/de59/pemilu/ppwp/11/05/01/20/14/1105012014001-20240214-202035--fbe4b565-0c9b-4535-97b0-dfb9ea1978a4.jpg,https://sirekap-obj-formc.kpu.go.id/de59/pemilu/ppwp/11/05/01/20/14/1105012014001-20240214-202120--ffaa69e3-dd49-46fd-a576-360e43e87b92.jpg
11,ACEH,1105,ACEH BARAT,110501,JOHAN PAHLAWAN,1105012014,GAMPA,1105012014002,TPS 002,0,0,0,0,0,0,0,0,0,PROCESS,,,
11,ACEH,1105,ACEH BARAT,110501,JOHAN PAHLAWAN,1105012014,GAMPA,1105012014003,TPS 003,0,0,0,0,0,0,0,0,0,PROCESS,,,
11,ACEH,1105,ACEH BARAT,110501,JOHAN PAHLAWAN,1105012014,GAMPA,1105012014004,TPS 004,0,0,0,0,0,0,0,0,0,PROCESS,,,
11,ACEH,1105,ACEH BARAT,110501,JOHAN PAHLAWAN,1105012014,GAMPA,1105012014005,TPS 005,0,0,0,167,51,6,0,0,0,VALID,https://sirekap-obj-formc.kpu.go.id/19b7/pemilu/ppwp/11/05/01/20/14/1105012014005-20240215-091828--1acbd955-6a6b-4c55-83ae-73fd5a7668e1.jpg,https://sirekap-obj-formc.kpu.go.id/19b7/pemilu/ppwp/11/05/01/20/14/1105012014005-20240215-092323--713a8fee-bad9-41a3-8c4e-1f89b0de414e.jpg,https://sirekap-obj-formc.kpu.go.id/19b7/pemilu/ppwp/11/05/01/20/14/1105012014005-20240215-092615--dde0df54-9e92-46de-b2df-ce40d0a63430.jpg
11,ACEH,1105,ACEH BARAT,110501,JOHAN PAHLAWAN,1105012014,GAMPA,1105012014006,TPS 006,0,0,0,0,0,0,0,0,0,PROCESS,,,
11,ACEH,1105,ACEH BARAT,110501,JOHAN PAHLAWAN,1105012014,GAMPA,1105012014007,TPS 007,0,0,0,0,0,0,0,0,0,PROCESS,https://sirekap-obj-formc.kpu.go.id/ea97/pemilu/ppwp/11/05/01/20/14/1105012014007-20240215-041824--702922c9-8b93-4724-8236-d34bee1d317e.jpg,https://sirekap-obj-formc.kpu.go.id/ea97/pemilu/ppwp/11/05/01/20/14/1105012014007-20240215-041945--476e6418-8aa0-4254-97ba-0068a4e071de.jpg,https://sirekap-obj-formc.kpu.go.id/ea97/pemilu/ppwp/11/05/01/20/14/1105012014007-20240214-195735--1e9655fe-e49f-4388-9272-426f77dd4032.jpg
11,ACEH,1105,ACEH BARAT,110501,JOHAN PAHLAWAN,1105012014,GAMPA,1105012014008,TPS 008,0,0,0,0,0,0,0,0,0,PROCESS,https://sirekap-obj-formc.kpu.go.id/f421/pemilu/ppwp/11/05/01/20/14/1105012014008-20240215-012110--c22efaaa-8b75-4134-85cd-b427870186e8.jpg,https://sirekap-obj-formc.kpu.go.id/f421/pemilu/ppwp/11/05/01/20/14/1105012014008-20240215-012125--5b47442c-6301-43a4-9208-1cd8f5eead2c.jpg,https://sirekap-obj-formc.kpu.go.id/f421/pemilu/ppwp/11/05/01/20/14/1105012014008-20240215-012135--8f870938-685e-4eb2-959b-19e194db2da8.jpg
11,ACEH,1105,ACEH BARAT,110501,JOHAN PAHLAWAN,1105012014,GAMPA,1105012014009,TPS 009,0,0,0,0,0,0,0,0,0,PROCESS,,,
11,ACEH,1105,ACEH BARAT,110501,JOHAN PAHLAWAN,1105012014,GAMPA,1105012014010,TPS 010,0,0,0,0,0,0,0,0,0,PROCESS,,,
11,ACEH,1105,ACEH BARAT,110501,JOHAN PAHLAWAN,1105012013,GAMPONG DARAT,1105012013001,TPS 001,0,0,0,0,0,0,0,0,0,PROCESS,,,
11,ACEH,1105,ACEH BARAT,110501,JOHAN PAHLAWAN,1105012013,GAMPONG DARAT,1105012013002,TPS 002,0,0,0,0,0,0,0,0,0,PROCESS,,,
11,ACEH,1105,ACEH BARAT,110501,JOHAN PAHLAWAN,1105012002,KAMPUNG BELAKANG,1105012002001,TPS 001,0,0,0,0,0,0,0,0,0,PROCESS,,,
11,ACEH,1105,ACEH BARAT,110501,JOHAN PAHLAWAN,1105012002,KAMPUNG BELAKANG,1105012002002,TPS 002,0,0,0,154,65,3,0,0,0,VALID,https://sirekap-obj-formc.kpu.go.id/d8f7/pemilu/ppwp/11/05/01/20/02/1105012002002-20240215-111559--cdbeca64-88e9-4411-b114-3d6f4f9a2427.jpg,https://sirekap-obj-formc.kpu.go.id/d8f7/pemilu/ppwp/11/05/01/20/02/1105012002002-20240214-224900--5d34b446-0e33-4c53-b72c-5babf16853a3.jpg,https://sirekap-obj-formc.kpu.go.id/d8f7/pemilu/ppwp/11/05/01/20/02/1105012002002-20240214-225230--5267542b-5530-48fe-9dcf-e08181fabee3.jpg
11,ACEH,1105,ACEH BARAT,110501,JOHAN PAHLAWAN,1105012002,KAMPUNG BELAKANG,1105012002003,TPS 003,0,0,0,0,0,0,0,0,0,PROCESS,,,
11,ACEH,1105,ACEH BARAT,110501,JOHAN PAHLAWAN,1105012002,KAMPUNG BELAKANG,1105012002004,TPS 004,0,0,0,0,0,0,0,0,0,PROCESS,,,
11,ACEH,1105,ACEH BARAT,110501,JOHAN PAHLAWAN,1105012002,KAMPUNG BELAKANG,1105012002005,TPS 005,0,0,0,133,74,5,0,0,0,VALID,https://sirekap-obj-formc.kpu.go.id/14c2/pemilu/ppwp/11/05/01/20/02/1105012002005-20240215-073956--79b5c7fc-931e-4224-a82e-66dcae4d4935.jpg,https://sirekap-obj-formc.kpu.go.id/14c2/pemilu/ppwp/11/05/01/20/02/1105012002005-20240215-074158--c9f3e07b-ae59-43e6-9d6e-11befa299d0c.jpg,https://sirekap-obj-formc.kpu.go.id/14c2/pemilu/ppwp/11/05/01/20/02/1105012002005-20240215-075848--5a1d811d-3eaf-478f-ad75-1e2578414ebc.jpg
11,ACEH,1105,ACEH BARAT,110501,JOHAN PAHLAWAN,1105012002,KAMPUNG BELAKANG,1105012002006,TPS 006,0,0,0,119,61,19,0,0,0,VALID,https://sirekap-obj-formc.kpu.go.id/2db4/pemilu/ppwp/11/05/01/20/02/1105012002006-20240215-092821--0ba33ec8-2c1d-4b3e-8d4a-be207a9658b0.jpg,https://sirekap-obj-formc.kpu.go.id/2db4/pemilu/ppwp/11/05/01/20/02/1105012002006-20240215-093857--8f66bf13-3a81-4fa9-9e2f-dc6765702bd8.jpg,https://sirekap-obj-formc.kpu.go.id/2db4/pemilu/ppwp/11/05/01/20/02/1105012002006-20240215-094302--1890da5f-bfab-4eec-9f35-10127fbef7ec.jpg
11,ACEH,1105,ACEH BARAT,110501,JOHAN PAHLAWAN,1105012004,KUTA PADANG,1105012004001,TPS 001,0,0,0,0,0,0,0,0,0,PROCESS,,,
11,ACEH,1105,ACEH BARAT,110501,JOHAN PAHLAWAN,1105012004,KUTA PADANG,1105012004002,TPS 002,0,0,0,0,0,0,0,0,0,PROCESS,,,
11,ACEH,1105,ACEH BARAT,110501,JOHAN PAHLAWAN,1105012004,KUTA PADANG,1105012004003,TPS 003,0,0,0,166,52,12,0,0,0,VALID,https://sirekap-obj-formc.kpu.go.id/772f/pemilu/ppwp/11/05/01/20/04/1105012004003-20240214-193838--0ad66861-d873-4f61-8883-6f33571154ac.jpg,https://sirekap-obj-formc.kpu.go.id/772f/pemilu/ppwp/11/05/01/20/04/1105012004003-20240214-193941--2ef0ff79-4a2f-41a2-8931-29940b56a534.jpg,https://sirekap-obj-formc.kpu.go.id/772f/pemilu/ppwp/11/05/01/20/04/1105012004003-20240214-232904--729ac769-bd78-4d9b-87a3-ece34aa0e62f.jpg
11,ACEH,1105,ACEH BARAT,110501,JOHAN PAHLAWAN,1105012004,KUTA PADANG,1105012004004,TPS 004,0,0,0,180,74,2,0,0,0,VALID,https://sirekap-obj-formc.kpu.go.id/07b8/pemilu/ppwp/11/05/01/20/04/1105012004004-20240215-083007--27a20381-5efc-4dc9-82d2-d09fb7784da0.jpg,https://sirekap-obj-formc.kpu.go.id/07b8/pemilu/ppwp/11/05/01/20/04/1105012004004-20240215-083151--94dc2bab-068b-4786-b4db-0fa360ac9300.jpg,https://sirekap-obj-formc.kpu.go.id/07b8/pemilu/ppwp/11/05/01/20/04/1105012004004-20240215-083306--9c0ea7b5-0d0e-4137-a155-9d88d6779ce6.jpg
11,ACEH,1105,ACEH BARAT,110501,JOHAN PAHLAWAN,1105012004,KUTA PADANG,1105012004005,TPS 005,0,0,0,199,40,8,0,0,0,VALID,https://sirekap-obj-formc.kpu.go.id/4fea/pemilu/ppwp/11/05/01/20/04/1105012004005-20240215-050352--033d9735-9280-4ad3-bd02-4087680de481.jpg,https://sirekap-obj-formc.kpu.go.id/4fea/pemilu/ppwp/11/05/01/20/04/1105012004005-20240215-050432--70c54353-364c-4afa-b064-902e5540241f.jpg,https://sirekap-obj-formc.kpu.go.id/4fea/pemilu/ppwp/11/05/01/20/04/1105012004005-20240215-050122--f633a017-596e-463f-bf17-02bf7af3118a.jpg
11,ACEH,1105,ACEH BARAT,110501,JOHAN PAHLAWAN,1105012004,KUTA PADANG,1105012004006,TPS 006,0,0,0,194,45,2,0,0,0,VALID,https://sirekap-obj-formc.kpu.go.id/7484/pemilu/ppwp/11/05/01/20/04/1105012004006-20240214-234133--3736b2b9-683d-4f7d-9f39-5e772ba2e03a.jpg,https://sirekap-obj-formc.kpu.go.id/7484/pemilu/ppwp/11/05/01/20/04/1105012004006-20240214-213514--2ff22a90-b2e2-43e7-8ed1-1301aeb820e8.jpg,https://sirekap-obj-formc.kpu.go.id/7484/pemilu/ppwp/11/05/01/20/04/1105012004006-20240214-213625--6ac14ad0-690f-4f1e-8241-46d679db1e3a.jpg
11,ACEH,1105,ACEH BARAT,110501,JOHAN PAHLAWAN,1105012004,KUTA PADANG,1105012004007,TPS 007,241,0,0,189,44,5,0,0,0,VALID,https://sirekap-obj-formc.kpu.go.id/81c4/pemilu/ppwp/11/05/01/20/04/1105012004007-20240214-200806--64dadaaa-e7ae-4a2e-87c4-ca1a0ac94022.jpg,https://sirekap-obj-formc.kpu.go.id/81c4/pemilu/ppwp/11/05/01/20/04/1105012004007-20240214-200822--1917d593-6e68-4fce-bc88-acd13c726733.jpg,https://sirekap-obj-formc.kpu.go.id/81c4/pemilu/ppwp/11/05/01/20/04/1105012004007-20240214-200837--ae9a59e5-e47f-4bad-bce0-c436b8815170.jpg
11,ACEH,1105,ACEH BARAT,110501,JOHAN PAHLAWAN,1105012004,KUTA PADANG,1105012004008,TPS 008,243,0,6,164,78,6,6,6,6,VALID,https://sirekap-obj-formc.kpu.go.id/7f56/pemilu/ppwp/11/05/01/20/04/1105012004008-20240214-192116--e4a2da62-1ac2-4585-aa07-f260acd392c5.jpg,https://sirekap-obj-formc.kpu.go.id/7f56/pemilu/ppwp/11/05/01/20/04/1105012004008-20240214-192743--7ec4fcc2-430c-4f06-bc16-5991593af019.jpg,https://sirekap-obj-formc.kpu.go.id/7f56/pemilu/ppwp/11/05/01/20/04/1105012004008-20240214-192412--27ec2752-c0ee-4f60-8367-48ac8e3d1798.jpg
11,ACEH,1105,ACEH BARAT,110501,JOHAN PAHLAWAN,1105012004,KUTA PADANG,1105012004009,TPS 009,0,0,0,0,0,0,0,0,0,PROCESS,,,
11,ACEH,1105,ACEH BARAT,110501,JOHAN PAHLAWAN,1105012004,KUTA PADANG,1105012004010,TPS 010,0,0,0,0,0,0,0,0,0,PROCESS,,,
11,ACEH,1105,ACEH BARAT,110501,JOHAN PAHLAWAN,1105012004,KUTA PADANG,1105012004011,TPS 011,238,7,0,179,57,6,0,0,0,VALID,https://sirekap-obj-formc.kpu.go.id/26f7/pemilu/ppwp/11/05/01/20/04/1105012004011-20240214-194347--12c7d3a0-2b1a-4e09-b140-04bce8c5dcf6.jpg,https://sirekap-obj-formc.kpu.go.id/26f7/pemilu/ppwp/11/05/01/20/04/1105012004011-20240214-185403--8210618d-7dcd-49f6-8281-e8f648c08d33.jpg,https://sirekap-obj-formc.kpu.go.id/26f7/pemilu/ppwp/11/05/01/20/04/1105012004011-20240214-185433--157e87d7-b66e-48c0-8a9f-7d3b9938710d.jpg
11,ACEH,1105,ACEH BARAT,110501,JOHAN PAHLAWAN,1105012004,KUTA PADANG,1105012004012,TPS 012,0,0,0,0,0,0,0,0,0,PROCESS,,,
11,ACEH,1105,ACEH BARAT,110501,JOHAN PAHLAWAN,1105012004,KUTA PADANG,1105012004013,TPS 013,223,3,3,168,53,3,3,3,3,VALID,https://sirekap-obj-formc.kpu.go.id/7a1c/pemilu/ppwp/11/05/01/20/04/1105012004013-20240214-160146--58b7f597-46ab-4e70-a4a4-a8b7f40eea02.jpg,https://sirekap-obj-formc.kpu.go.id/7a1c/pemilu/ppwp/11/05/01/20/04/1105012004013-20240214-201803--c9d6fe6b-533d-4ffc-af50-586374ba4d4d.jpg,https://sirekap-obj-formc.kpu.go.id/7a1c/pemilu/ppwp/11/05/01/20/04/1105012004013-20240214-202001--2ca9c319-11d9-4632-a51d-c2d6fdc264d9.jpg
11,ACEH,1105,ACEH BARAT,110501,JOHAN PAHLAWAN,1105012015,LAPANG,1105012015001,TPS 001,0,0,0,0,0,0,0,0,0,PROCESS,https://sirekap-obj-formc.kpu.go.id/a8d3/pemilu/ppwp/11/05/01/20/15/1105012015001-20240215-012231--2548c24d-51ac-42b1-b9b1-02b3d59e5894.jpg,https://sirekap-obj-formc.kpu.go.id/a8d3/pemilu/ppwp/11/05/01/20/15/1105012015001-20240215-072431--04ec692d-925f-4eeb-9690-a9ad0b8b0689.jpg,https://sirekap-obj-formc.kpu.go.id/a8d3/pemilu/ppwp/11/05/01/20/15/1105012015001-20240215-012320--c50d1ee4-309b-44f6-9bb8-211549fcaf8a.jpg
11,ACEH,1105,ACEH BARAT,110501,JOHAN PAHLAWAN,1105012015,LAPANG,1105012015002,TPS 002,0,0,0,0,0,0,0,0,0,PROCESS,,,
11,ACEH,1105,ACEH BARAT,110501,JOHAN PAHLAWAN,1105012015,LAPANG,1105012015003,TPS 003,0,0,0,0,0,0,0,0,0,PROCESS,,,
11,ACEH,1105,ACEH BARAT,110501,JOHAN PAHLAWAN,1105012015,LAPANG,1105012015004,TPS 004,246,4,4,195,58,0,4,4,4,VALID,https://sirekap-obj-formc.kpu.go.id/e3cd/pemilu/ppwp/11/05/01/20/15/1105012015004-20240214-185159--25116747-3677-4017-ad04-69a23dacba85.jpg,https://sirekap-obj-formc.kpu.go.id/e3cd/pemilu/ppwp/11/05/01/20/15/1105012015004-20240214-184649--1828d6b0-fcbf-4d26-baeb-1148bb7d7e84.jpg,https://sirekap-obj-formc.kpu.go.id/e3cd/pemilu/ppwp/11/05/01/20/15/1105012015004-20240214-185328--0e1b56c1-ab80-4fc5-b398-b5bf22608e5f.jpg
11,ACEH,1105,ACEH BARAT,110501,JOHAN PAHLAWAN,1105012015,LAPANG,1105012015005,TPS 005,249,4,2,0,0,0,2,2,2,PROCESS,https://sirekap-obj-formc.kpu.go.id/dfef/pemilu/ppwp/11/05/01/20/15/1105012015005-20240214-191843--cfdaf361-2047-44d4-b4b1-2b9203273456.jpg,https://sirekap-obj-formc.kpu.go.id/dfef/pemilu/ppwp/11/05/01/20/15/1105012015005-20240214-190911--407db4a8-f814-4ec2-af0a-0f401277e2de.jpg,https://sirekap-obj-formc.kpu.go.id/dfef/pemilu/ppwp/11/05/01/20/15/1105012015005-20240214-191750--e476d6df-bf8d-45df-9d11-b0f649284bec.jpg
11,ACEH,1105,ACEH BARAT,110501,JOHAN PAHLAWAN,1105012015,LAPANG,1105012015006,TPS 006,242,1,2,0,0,0,2,2,2,PROCESS,https://sirekap-obj-formc.kpu.go.id/aa73/pemilu/ppwp/11/05/01/20/15/1105012015006-20240215-051609--5d9780ec-5cf8-420b-a1e0-24a1aeebf356.jpg,https://sirekap-obj-formc.kpu.go.id/aa73/pemilu/ppwp/11/05/01/20/15/1105012015006-20240215-052638--3a79a80d-2d92-48f6-8836-0c582b73a477.jpg,https://sirekap-obj-formc.kpu.go.id/aa73/pemilu/ppwp/11/05/01/20/15/1105012015006-20240215-052805--84ad7041-26ad-42f2-a89f-53ec2a795365.jpg
11,ACEH,1105,ACEH BARAT,110501,JOHAN PAHLAWAN,1105012015,LAPANG,1105012015007,TPS 007,0,0,0,0,0,0,0,0,0,PROCESS,,,
11,ACEH,1105,ACEH BARAT,110501,JOHAN PAHLAWAN,1105012015,LAPANG,1105012015008,TPS 008,0,0,0,0,0,0,0,0,0,PROCESS,,,
11,ACEH,1105,ACEH BARAT,110501,JOHAN PAHLAWAN,1105012015,LAPANG,1105012015009,TPS 009,0,0,0,0,0,0,0,0,0,PROCESS,https://sirekap-obj-formc.kpu.go.id/fa7a/pemilu/ppwp/11/05/01/20/15/1105012015009-20240214-231658--8e4dfb2c-af1f-42ec-b52d-9ae97ecc9d76.jpg,,
11,ACEH,1105,ACEH BARAT,110501,JOHAN PAHLAWAN,1105012015,LAPANG,1105012015010,TPS 010,0,0,0,0,0,0,0,0,0,PROCESS,,,
11,ACEH,1105,ACEH BARAT,110501,JOHAN PAHLAWAN,1105012015,LAPANG,1105012015011,TPS 011,259,2,3,210,46,3,3,3,3,VALID,https://sirekap-obj-formc.kpu.go.id/8287/pemilu/ppwp/11/05/01/20/15/1105012015011-20240214-215338--ef207a44-9a0b-43ae-896b-474fd231e5bb.jpg,https://sirekap-obj-formc.kpu.go.id/8287/pemilu/ppwp/11/05/01/20/15/1105012015011-20240214-215343--2089ede5-8230-4506-aaa5-44de656caf42.jpg,https://sirekap-obj-formc.kpu.go.id/8287/pemilu/ppwp/11/05/01/20/15/1105012015011-20240214-220329--5b413698-c986-4874-b48e-0e4d9019db04.jpg
11,ACEH,1105,ACEH BARAT,110501,JOHAN PAHLAWAN,1105012015,LAPANG,1105012015012,TPS 012,0,0,0,0,0,0,0,0,0,PROCESS,https://sirekap-obj-formc.kpu.go.id/f461/pemilu/ppwp/11/05/01/20/15/1105012015012-20240215-085733--6ce4973d-64e4-4d64-95cc-b610860e62e4.jpg,https://sirekap-obj-formc.kpu.go.id/f461/pemilu/ppwp/11/05/01/20/15/1105012015012-20240215-085946--5a6d269e-a46f-4f01-8a02-c65c0755d62a.jpg,https://sirekap-obj-formc.kpu.go.id/f461/pemilu/ppwp/11/05/01/20/15/1105012015012-20240215-090219--b936b2b9-2727-4f6a-a3a2-7dcfef1b3dac.jpg
11,ACEH,1105,ACEH BARAT,110501,JOHAN PAHLAWAN,1105012015,LAPANG,1105012015013,TPS 013,247,2,5,190,50,9,5,5,5,VALID,https://sirekap-obj-formc.kpu.go.id/c6c9/pemilu/ppwp/11/05/01/20/15/1105012015013-20240214-193105--cf14f8e3-b0f1-4e01-acbb-a6e09aa4f4bc.jpg,https://sirekap-obj-formc.kpu.go.id/c6c9/pemilu/ppwp/11/05/01/20/15/1105012015013-20240214-193408--5eb4e3c1-d5d4-42d8-9f78-ffdaf94bb9b4.jpg,https://sirekap-obj-formc.kpu.go.id/c6c9/pemilu/ppwp/11/05/01/20/15/1105012015013-20240214-193541--99990685-14c6-449f-932c-966ed78bcacd.jpg
11,ACEH,1105,ACEH BARAT,110501,JOHAN PAHLAWAN,1105012020,LEUHAN,1105012020001,TPS 001,0,0,0,0,0,0,0,0,0,PROCESS,,,
11,ACEH,1105,ACEH BARAT,110501,JOHAN PAHLAWAN,1105012020,LEUHAN,1105012020002,TPS 002,0,0,0,0,0,0,0,0,0,PROCESS,,,
11,ACEH,1105,ACEH BARAT,110501,JOHAN PAHLAWAN,1105012020,LEUHAN,1105012020003,TPS 003,0,0,0,0,0,0,0,0,0,PROCESS,https://sirekap-obj-formc.kpu.go.id/7e97/pemilu/ppwp/11/05/01/20/20/1105012020003-20240215-083518--b9445464-f77b-41e7-8801-a9e484449171.jpg,https://sirekap-obj-formc.kpu.go.id/7e97/pemilu/ppwp/11/05/01/20/20/1105012020003-20240215-082927--ab777b0e-267b-4fd4-beae-ba4223ccff01.jpg,https://sirekap-obj-formc.kpu.go.id/7e97/pemilu/ppwp/11/05/01/20/20/1105012020003-20240215-042744--975ebddc-bb8d-4844-829d-e605e63c8405.jpg
11,ACEH,1105,ACEH BARAT,110501,JOHAN PAHLAWAN,1105012020,LEUHAN,1105012020004,TPS 004,0,0,0,0,0,0,0,0,0,PROCESS,https://sirekap-obj-formc.kpu.go.id/600c/pemilu/ppwp/11/05/01/20/20/1105012020004-20240215-081901--192bf4ce-c9b6-4313-9728-7d3db16446a2.jpg,https://sirekap-obj-formc.kpu.go.id/600c/pemilu/ppwp/11/05/01/20/20/1105012020004-20240215-082211--a21ccf43-2703-4849-809a-c282bf44f6db.jpg,https://sirekap-obj-formc.kpu.go.id/600c/pemilu/ppwp/11/05/01/20/20/1105012020004-20240215-070112--2b188bb5-b4b2-44b5-8235-8c459d28929c.jpg
11,ACEH,1105,ACEH BARAT,110501,JOHAN PAHLAWAN,1105012020,LEUHAN,1105012020005,TPS 005,0,0,0,212,49,1,0,0,0,VALID,https://sirekap-obj-formc.kpu.go.id/71a5/pemilu/ppwp/11/05/01/20/20/1105012020005-20240214-223737--3e80a1db-4dd8-46a2-983d-2a6f8b312afb.jpg,https://sirekap-obj-formc.kpu.go.id/71a5/pemilu/ppwp/11/05/01/20/20/1105012020005-20240215-155935--816fbcaf-f84f-432b-b7c1-25dda6008910.jpg,https://sirekap-obj-formc.kpu.go.id/71a5/pemilu/ppwp/11/05/01/20/20/1105012020005-20240215-155945--a5c302fe-000b-4d42-b321-27fb8a3bcf75.jpg
11,ACEH,1105,ACEH BARAT,110501,JOHAN PAHLAWAN,1105012020,LEUHAN,1105012020006,TPS 006,0,0,0,0,0,0,0,0,0,PROCESS,https://sirekap-obj-formc.kpu.go.id/be5f/pemilu/ppwp/11/05/01/20/20/1105012020006-20240215-103009--8fda0975-230f-4f04-ba5d-ad72a78e6a4b.jpg,,https://sirekap-obj-formc.kpu.go.id/be5f/pemilu/ppwp/11/05/01/20/20/1105012020006-20240215-103312--f4e954b3-1582-4de8-96aa-74e67702050e.jpg
11,ACEH,1105,ACEH BARAT,110501,JOHAN PAHLAWAN,1105012020,LEUHAN,1105012020007,TPS 007,0,0,0,0,0,0,0,0,0,PROCESS,,,
11,ACEH,1105,ACEH BARAT,110501,JOHAN PAHLAWAN,1105012020,LEUHAN,1105012020008,TPS 008,0,0,0,0,0,0,0,0,0,PROCESS,https://sirekap-obj-formc.kpu.go.id/e6c6/pemilu/ppwp/11/05/01/20/20/1105012020008-20240215-031349--f5af7785-7b9b-49e4-a5ae-b061d801bfb8.jpg,,
11,ACEH,1105,ACEH BARAT,110501,JOHAN PAHLAWAN,1105012020,LEUHAN,1105012020009,TPS 009,0,0,0,0,0,0,0,0,0,PROCESS,,,
11,ACEH,1105,ACEH BARAT,110501,JOHAN PAHLAWAN,1105012020,LEUHAN,1105012020010,TPS 010,0,0,0,0,0,0,0,0,0,PROCESS,https://sirekap-obj-formc.kpu.go.id/1e02/pemilu/ppwp/11/05/01/20/20/1105012020010-20240214-212355--c03853e8-e2b7-491b-96cb-4ca7eff970b5.jpg,https://sirekap-obj-formc.kpu.go.id/1e02/pemilu/ppwp/11/05/01/20/20/1105012020010-20240215-084317--2dfa6765-9a30-4976-94bb-a004d892c5f9.jpg,https://sirekap-obj-formc.kpu.go.id/1e02/pemilu/ppwp/11/05/01/20/20/1105012020010-20240214-212621--40f89be8-0188-44f0-abfb-a2cbad691f70.jpg
11,ACEH,1105,ACEH BARAT,110501,JOHAN PAHLAWAN,1105012020,LEUHAN,1105012020011,TPS 011,0,0,0,0,0,0,0,0,0,PROCESS,,,
11,ACEH,1105,ACEH BARAT,110501,JOHAN PAHLAWAN,1105012010,PADANG SEURAHET,1105012010001,TPS 001,0,0,0,176,43,7,0,0,0,VALID,https://sirekap-obj-formc.kpu.go.id/f32d/pemilu/ppwp/11/05/01/20/10/1105012010001-20240215-102556--857a3ea8-4a4a-404f-b266-b6df39b6c22c.jpg,https://sirekap-obj-formc.kpu.go.id/f32d/pemilu/ppwp/11/05/01/20/10/1105012010001-20240215-102614--07d54e81-ce0f-4b02-89df-03b3a55eabda.jpg,https://sirekap-obj-formc.kpu.go.id/f32d/pemilu/ppwp/11/05/01/20/10/1105012010001-20240215-102629--d699d4b1-232c-4640-a397-da095b8638ff.jpg
11,ACEH,1105,ACEH BARAT,110501,JOHAN PAHLAWAN,1105012010,PADANG SEURAHET,1105012010002,TPS 002,0,0,0,184,44,2,0,0,0,VALID,https://sirekap-obj-formc.kpu.go.id/13f0/pemilu/ppwp/11/05/01/20/10/1105012010002-20240215-112233--6a1bc15a-7912-4192-b0bc-10f5156fe57a.jpg,https://sirekap-obj-formc.kpu.go.id/13f0/pemilu/ppwp/11/05/01/20/10/1105012010002-20240215-120105--e559b057-8085-4490-b81b-d5e360c3d731.jpg,https://sirekap-obj-formc.kpu.go.id/13f0/pemilu/ppwp/11/05/01/20/10/1105012010002-20240215-120044--ca1e841e-e873-468a-a14f-7a3d482dba2f.jpg
